date,value
2011-01,39470.72
2011-02,50254.16
2011-03,112843.16
2011-04,181790.5
2011-05,161765.74
2011-06,188654.09
2011-07,164009.06
2011-08,256582.24
2011-09,257346.14
2011-10,212548.34
2011-11,333228.07
2011-12,314513.82
2012-01,77895.27
2012-02,110585.45
2012-03,184849.12
2012-04,212653.35
2012-05,265912.16
2012-06,242088.8
2012-07,81722.28
2012-08,90839.99
2012-09,165874.99
2012-10,194842.43
2012-11,149777.39
2012-12,124732.29
2013-01,87619.26
2013-02,35263.25
2013-03,86473.04
2013-04,129510.99
2013-05,112568.34
2013-06,91045.13
2013-07,53084.75
2013-08,97582.76
2013-09,90793.53
2013-10,100741.92
2013-11,122209.7
2013-12,115311.39
2014-01,61368.6
2014-02,47247.09
2014-03,97195.94
2014-04,66993.94
2014-05,88037.41
2014-06,90379.22
2014-07,52298.85
2014-08,85013.26
2014-09,45032.13
2014-10,50304.68
2014-11,76284.15
2014-12,88884.27
2015-01,38427.22
2015-02,27116.62
2015-03,75768.78
2015-04,53036.68
2015-05,44791.56
2015-06,70442.16
2015-07,44334.83
2015-08,48197.92
2015-09,30828.5
2015-10,35554.82
2015-11,40812.4
2015-12,46611.63
2016-01,34391.63
2016-02,9593.2
2016-03,55236.77
2016-04,56534.15
2016-05,66285.14
2016-06,73921.39
2016-07,44779.94
2016-08,80279.45
2016-09,88813.88
2016-10,99817.69
2016-11,167046.34
2016-12,196370.92
2017-01,169265.43
2017-02,158092.03
2017-03,219506.53
2017-04,230535.81
2017-05,234111.54
2017-06,270836.6
2017-07,126772.77
2017-08,166110.77
2017-09,154945.44
2017-10,188168.11
2017-11,202142.7
2017-12,147055.67
2018-01,137766.86
2018-02,107623.76
2018-03,269270.45
2018-04,279046.08
2018-05,314309.96
2018-06,302803.88
2018-07,207026.02
2018-08,227553.74
2018-09,286627.81
2018-10,317774.86
2018-11,171431.37
2018-12,181279.17
2019-01,170722.1
2019-02,163410.92
2019-03,309956.56
2019-04,319367.44
2019-05,310815.53
2019-06,269290.72
2019-07,247677.83
2019-08,343981.12
2019-09,303248.96
2019-10,327557.86
2019-11,181675.54
2019-12,131117.29
2020-01,203755.48
2020-02,25120.93
2020-03,23970.24
2020-04,81693.57
2020-05,178765.11
2020-06,177464.08
2020-07,189336.02
2020-08,287539.55
2020-09,309710.49
2020-10,322438.72
2020-11,205496.7
2020-12,121284.45
2021-01,221541.39
2021-02,227238.31
2021-03,243432.64
2021-04,72354.28
2021-05,176474.49
2021-06,85819.32
2021-07,85851.75
2021-08,192935.96
2021-09,207826.25
2021-10,458894.84
2021-11,620104.29
2021-12,181599.7
2022-01,143600.85
2022-02,182585.05
2022-03,348986.68
2022-04,389130.03
2022-05,640601.72
2022-06,644844.18
2022-07,745800.5
2022-08,770533.16
2022-09,640643.88
2022-10,606758.35
2022-11,631219.04
2022-12,758544.72
2023-01,572025.86
2023-02,712790.81
2023-03,987496.81
2023-04,830531.78
2023-05,579234.51
2023-06,711654.64
2023-07,644207.84
2023-08,785441.48
2023-09,695285.81
2023-10,639694.31
2023-11,896915.79
2023-12,843172.26
2024-01,813015.81
2024-02,537734.52
2024-03,874265.27
2024-04,788734.84
2024-05,841252.45
2024-06,870324.52
2024-07,696097.69
2024-08,774721.91
2024-09,542011.61
2024-10,672893.82
2024-11,773042.56
2024-12,513820.75
2025-01,472896.67
2025-02,431665.78
2025-03,437507.25
2025-04,494353.09
2025-05,446896.49
2025-06,369493.87
2025-07,367712.93
2025-08,469678.64
2025-09,574218.5
2025-10,441017.43
2025-11,582612.28
2025-12,680746.54
2026-01,640429.73
2026-02,414933.72
2026-03,739687.99
2026-04,771814.6
2026-05,694759.61
2026-06,753904.32
2026-07,708039.13
2026-08,711266.25
